荤侩老磊,畴急疙,开疙,铰瞒醚铰按荐,窍瞒醚铰按荐,殿废老磊
20210701,20,空绞府(己悼备没),13591,15315,20210704
20210701,5,空绞府(己悼备没),4636,5043,20210704
20210702,20,空绞府(己悼备没),14551,16455,20210705
20210702,5,空绞府(己悼备没),4889,5416,20210705
20210703,20,空绞府(己悼备没),10935,12689,20210706
20210703,5,空绞府(己悼备没),3234,3640,20210706
20210704,5,空绞府(己悼备没),2036,2309,20210707
20210704,20,空绞府(己悼备没),7526,8530,20210707
20210705,20,空绞府(己悼备没),13450,14986,20210708
20210705,5,空绞府(己悼备没),4592,4864,20210708
20210706,20,空绞府(己悼备没),13476,15128,20210709
20210706,5,空绞府(己悼备没),4712,5167,20210709
20210707,5,空绞府(己悼备没),4608,5005,20210710
20210707,20,空绞府(己悼备没),13274,15005,20210710
20210708,5,空绞府(己悼备没),4515,4840,20210711
20210708,20,空绞府(己悼备没),12877,14587,20210711
20210709,5,空绞府(己悼备没),4501,5033,20210712
20210709,20,空绞府(己悼备没),13145,14869,20210712
20210710,20,空绞府(己悼备没),9780,11309,20210713
20210710,5,空绞府(己悼备没),2774,3187,20210713
20210711,5,空绞府(己悼备没),1854,2013,20210714
20210711,20,空绞府(己悼备没),6535,7676,20210714
20210712,5,空绞府(己悼备没),4012,4291,20210715
20210712,20,空绞府(己悼备没),11185,12904,20210715
20210713,20,空绞府(己悼备没),11297,12944,20210716
20210713,5,空绞府(己悼备没),4116,4335,20210716
20210714,20,空绞府(己悼备没),11468,13140,20210717
20210714,5,空绞府(己悼备没),4019,4400,20210717
20210715,5,空绞府(己悼备没),4141,4303,20210718
20210715,20,空绞府(己悼备没),11206,12798,20210718
20210716,5,空绞府(己悼备没),4121,4428,20210719
20210716,20,空绞府(己悼备没),11828,13665,20210719
20210717,5,空绞府(己悼备没),2638,3023,20210720
20210717,20,空绞府(己悼备没),8756,10185,20210720
20210718,20,空绞府(己悼备没),6538,7813,20210721
20210718,5,空绞府(己悼备没),1838,2077,20210721
20210719,20,空绞府(己悼备没),11075,12659,20210722
20210719,5,空绞府(己悼备没),3867,4061,20210722
20210720,5,空绞府(己悼备没),4193,4448,20210723
20210720,20,空绞府(己悼备没),11558,13218,20210723
20210721,5,空绞府(己悼备没),4109,4390,20210724
20210721,20,空绞府(己悼备没),11378,13138,20210724
20210722,20,空绞府(己悼备没),11053,12853,20210725
20210722,5,空绞府(己悼备没),4031,4273,20210725
20210723,5,空绞府(己悼备没),4146,4467,20210726
20210723,20,空绞府(己悼备没),11874,13655,20210726
20210724,5,空绞府(己悼备没),2652,2944,20210727
20210724,20,空绞府(己悼备没),8762,10298,20210727
20210725,5,空绞府(己悼备没),1635,1833,20210728
20210725,20,空绞府(己悼备没),6031,7179,20210728
20210726,20,空绞府(己悼备没),11367,13100,20210729
20210726,5,空绞府(己悼备没),4111,4344,20210729
20210727,20,空绞府(己悼备没),11238,12949,20210730
20210727,5,空绞府(己悼备没),3981,4265,20210730
20210728,5,空绞府(己悼备没),4054,4173,20210731
20210728,20,空绞府(己悼备没),11544,13164,20210731
20210729,5,空绞府(己悼备没),4034,4083,20210801
20210729,20,空绞府(己悼备没),11016,12763,20210801
20210730,20,空绞府(己悼备没),11922,13518,20210802
20210730,5,空绞府(己悼备没),4003,4288,20210802
20210731,5,空绞府(己悼备没),2599,2963,20210803
20210731,20,空绞府(己悼备没),8678,9916,20210803
